{"cameraMode":{"drawMode":0,"name":"Shaded","section":"Shading Mode"},"sceneLighting":true,"audioPlay":false,"sceneViewState":{"m_AlwaysRefresh":false,"showFog":true,"showSkybox":true,"showFlares":true,"showImageEffects":true,"showParticleSystems":true,"showVisualEffectGraphs":true,"m_FxEnabled":true},"in2DMode":false,"pivot":{"x":2.0475215911865236,"y":9.544037818908692,"z":-5.632910251617432},"rotation":{"x":-0.00930947158485651,"y":-0.002402521437034011,"z":0.00002252677768410649,"w":-0.999954104423523},"size":8.08185863494873,"orthographic":false}